symbol,entry_price,entry_time,exit_price,exit_time,quantity,position_size,pnl_value,pnl_percent,hold_days,exit_reason,partial
SOLUSDT,46.088,2021-05-12 08:00:00,41.575,2021-05-13 08:00:00,4.339524388127061,200.0,-19.58427356361742,-9.79213678180871,1,"STOP_LOSS_EARLY (Day 1, -8%)",False
DOGEUSDT,0.56538,2021-05-14 16:00:00,0.511,2021-05-15 04:00:00,707.4887686157982,400.0,-38.47323923732709,-9.618309809331773,0,"STOP_LOSS_EARLY (Day 0, -8%)",False
DOGEUSDT,0.32824,2021-06-01 00:00:00,0.31333,2021-06-08 12:00:00,1218.6205215695834,400.0,-18.169631976602464,-4.542407994150616,7,"STOP_LOSS (Day 7, -3%)",False
SOLUSDT,38.489,2021-06-03 12:00:00,37.143,2021-06-11 16:00:00,5.196289849047781,200.0,-6.994206136818295,-3.4971030684091473,8,"STOP_LOSS (Day 8, -3%)",False
SOLUSDT,36.949,2021-07-07 08:00:00,33.976,2021-07-08 16:00:00,5.412866383393326,200.0,-16.092451757828353,-8.046225878914177,1,"STOP_LOSS_EARLY (Day 1, -8%)",False
SOLUSDT,36.702,2021-08-05 12:00:00,42.253,2021-08-13 00:00:00,2.7246471581930143,100.0,15.124516375129428,15.124516375129426,7,"TP1 (Day 7, +15%)",True
DOGEUSDT,0.215,2021-08-07 00:00:00,0.28889,2021-08-14 00:00:00,930.232558139535,200.0,68.73488372093023,34.36744186046511,7,"TP1 (Day 7, +15%)",True
DOGEUSDT,0.215,2021-08-07 00:00:00,0.29565,2021-08-14 04:00:00,930.232558139535,200.0,75.02325581395351,37.511627906976756,7,"TP2 (Day 7, +30%)",False
SOLUSDT,36.702,2021-08-05 12:00:00,48.704,2021-08-15 12:00:00,2.7246471581930143,100.0,32.70121519263257,32.70121519263256,10,"TP2 (Day 10, +30%)",False
SHIBUSDT,3.304e-05,2021-08-15 00:00:00,3.038e-05,2021-08-17 00:00:00,12106537.530266343,400.0,-32.20338983050849,-8.050847457627123,2,"STOP_LOSS_EARLY (Day 2, -8%)",False
DOGEUSDT,0.2866,2021-09-01 16:00:00,0.2519,2021-09-07 12:00:00,1395.6734124214934,400.0,-48.42986741102583,-12.107466852756458,5,"STOP_LOSS_EARLY (Day 5, -8%)",False
SOLUSDT,127.18,2021-09-02 16:00:00,185.01,2021-09-09 16:00:00,0.7862871520679352,100.0,45.47098600408868,45.47098600408867,7,"TP1 (Day 7, +15%)",True
SOLUSDT,127.18,2021-09-02 16:00:00,187.9,2021-09-09 20:00:00,0.7862871520679352,100.0,47.74335587356502,47.74335587356502,7,"TRAILING_STOP (Day 7, -5% from high)",False
SHIBUSDT,2.219e-05,2021-09-16 00:00:00,2.87e-05,2021-09-23 00:00:00,9013068.949977467,200.0,58.67507886435331,29.33753943217666,7,"TP1 (Day 7, +15%)",True
SHIBUSDT,2.219e-05,2021-09-16 00:00:00,2.889e-05,2021-09-23 04:00:00,9013068.949977467,200.0,60.38756196484903,30.193780982424517,7,"TRAILING_STOP (Day 7, -5% from high)",False
SHIBUSDT,2.583e-05,2021-10-02 12:00:00,2.338e-05,2021-10-03 04:00:00,15485869.14440573,400.0,-37.94037940379402,-9.485094850948505,0,"STOP_LOSS_EARLY (Day 0, -8%)",False
SOLUSDT,153.26,2021-10-01 08:00:00,147.55,2021-10-10 20:00:00,1.3049719431032234,200.0,-7.451389795119379,-3.7256948975596895,9,"STOP_LOSS (Day 9, -3%)",False
DOGEUSDT,0.2306,2021-10-04 16:00:00,0.2229,2021-10-12 08:00:00,1734.6053772766695,400.0,-13.356461405030377,-3.339115351257594,7,"STOP_LOSS (Day 7, -3%)",False
SOLUSDT,200.89,2021-11-01 00:00:00,248.29,2021-11-08 00:00:00,0.4977848573846384,100.0,23.595002240031864,23.595002240031864,7,"TP1 (Day 7, +15%)",True
SOLUSDT,200.89,2021-11-01 00:00:00,243.77,2021-11-08 08:00:00,0.4977848573846384,100.0,21.345014684653307,21.345014684653307,7,"TRAILING_STOP (Day 7, -5% from high)",False
SHIBUSDT,2.395e-05,2021-11-01 20:00:00,2.817e-05,2021-11-08 20:00:00,8350730.688935282,200.0,35.24008350730689,17.620041753653446,7,"TP1 (Day 7, +15%)",True
SHIBUSDT,2.395e-05,2021-11-01 20:00:00,2.66e-05,2021-11-09 16:00:00,8350730.688935282,200.0,22.129436325678498,11.064718162839249,7,"TRAILING_STOP (Day 7, -5% from high)",False
DOGEUSDT,0.2836,2021-11-08 08:00:00,0.2553,2021-11-10 20:00:00,1410.4372355430182,400.0,-39.91537376586741,-9.978843441466852,2,"STOP_LOSS_EARLY (Day 2, -8%)",False
SOLUSDT,221.29,2021-12-01 08:00:00,196.09,2021-12-04 00:00:00,0.903791404943739,200.0,-22.775543404582212,-11.387771702291106,2,"STOP_LOSS_EARLY (Day 2, -8%)",False
SHIBUSDT,1.166e-05,2021-12-27 16:00:00,1.091e-05,2022-01-04 12:00:00,34305317.324185245,400.0,-25.72898799313892,-6.4322469982847315,7,"STOP_LOSS (Day 7, -3%)",False
DOGEUSDT,0.1758,2022-01-14 00:00:00,0.16,2022-01-19 04:00:00,2275.3128555176336,400.0,-35.94994311717863,-8.987485779294657,5,"STOP_LOSS_EARLY (Day 5, -8%)",False
DOGEUSDT,0.1594,2022-02-07 00:00:00,0.1446,2022-02-11 20:00:00,2509.4102885821835,400.0,-37.13927227101627,-9.284818067754067,4,"STOP_LOSS_EARLY (Day 4, -8%)",False
SHIBUSDT,1.03e-05,2022-02-12 16:00:00,9.91e-06,2022-02-21 00:00:00,38834951.45631068,400.0,-15.145631067961153,-3.786407766990288,8,"STOP_LOSS (Day 8, -3%)",False
SOLUSDT,94.66,2022-03-24 00:00:00,121.25,2022-03-31 00:00:00,1.0564124234100993,100.0,28.090006338474545,28.090006338474545,7,"TP1 (Day 7, +15%)",True
SOLUSDT,94.66,2022-03-24 00:00:00,123.28,2022-03-31 04:00:00,1.0564124234100993,100.0,30.234523557997047,30.23452355799705,7,"TP2 (Day 7, +30%)",False
DOGEUSDT,0.1365,2022-03-24 00:00:00,0.1617,2022-04-05 12:00:00,1465.201465201465,200.0,36.92307692307692,18.46153846153846,12,"TP1 (Day 12, +15%)",True
DOGEUSDT,0.1365,2022-03-24 00:00:00,0.1601,2022-04-06 00:00:00,1465.201465201465,200.0,34.57875457875455,17.289377289377274,13,"TRAILING_STOP (Day 13, -5% from high)",False
DOGEUSDT,0.1601,2022-04-06 00:00:00,0.1466,2022-04-06 16:00:00,2498.4384759525296,400.0,-33.72891942535911,-8.432229856339777,0,"STOP_LOSS_EARLY (Day 0, -8%)",False
SOLUSDT,121.95,2022-04-01 00:00:00,115.28,2022-04-08 08:00:00,1.6400164001640016,200.0,-10.938909389093894,-5.469454694546947,7,"STOP_LOSS (Day 7, -3%)",False
SHIBUSDT,1.294e-05,2022-04-15 12:00:00,1.221e-05,2022-04-24 16:00:00,30911901.081916537,400.0,-22.565687789799064,-5.641421947449767,9,"STOP_LOSS (Day 9, -3%)",False
SHIBUSDT,9.28e-06,2022-07-09 00:00:00,8.98e-06,2022-07-18 08:00:00,43103448.275862075,400.0,-12.931034482758571,-3.232758620689643,9,"STOP_LOSS (Day 9, -3%)",False
SOLUSDT,42.13,2022-07-18 04:00:00,38.09,2022-07-25 00:00:00,4.747211013529551,200.0,-19.178732494659382,-9.589366247329691,6,"STOP_LOSS_EARLY (Day 6, -8%)",False
SOLUSDT,41.93,2022-08-08 00:00:00,40.54,2022-08-17 20:00:00,4.769854519437157,200.0,-6.630097782017651,-3.3150488910088254,9,"STOP_LOSS (Day 9, -3%)",False
SHIBUSDT,8.31e-06,2022-08-07 12:00:00,9.57e-06,2022-08-21 12:00:00,24067388.688327316,200.0,30.324909747292413,15.162454873646206,14,"TP1 (Day 14, +15%)",True
SHIBUSDT,8.31e-06,2022-08-07 12:00:00,8.91e-06,2022-08-22 04:00:00,24067388.688327316,200.0,14.440433212996373,7.2202166064981865,14,"TRAILING_STOP (Day 14, -5% from high)",False
SOLUSDT,37.71,2022-09-12 08:00:00,34.09,2022-09-13 16:00:00,5.303632988597189,200.0,-19.19915141872181,-9.599575709360906,1,"STOP_LOSS_EARLY (Day 1, -8%)",False
DOGEUSDT,0.06064,2022-10-04 12:00:00,0.05764,2022-10-13 04:00:00,6596.306068601583,400.0,-19.788918205804766,-4.9472295514511915,8,"STOP_LOSS (Day 8, -3%)",False
DOGEUSDT,0.14554,2022-11-01 04:00:00,0.13163,2022-11-02 08:00:00,2748.3853236223717,400.0,-38.23003985158721,-9.557509962896802,1,"STOP_LOSS_EARLY (Day 1, -8%)",False
SOLUSDT,32.97,2022-10-29 08:00:00,30.78,2022-11-07 04:00:00,6.066120715802245,200.0,-13.284804367606903,-6.642402183803451,8,"STOP_LOSS (Day 8, -3%)",False
SHIBUSDT,1.079e-05,2022-11-07 08:00:00,1.02e-05,2022-11-30 20:00:00,37071362.37256719,400.0,-21.87210379981462,-5.468025949953655,23,"STOP_LOSS (Day 23, -3%)",False
DOGEUSDT,0.10323,2022-12-04 08:00:00,0.09691,2022-12-11 08:00:00,3874.8425845200036,400.0,-24.489005134166447,-6.122251283541612,7,"STOP_LOSS (Day 7, -3%)",False
SOLUSDT,14.45,2023-01-08 20:00:00,22.89,2023-01-15 20:00:00,6.920415224913495,100.0,58.408304498269906,58.4083044982699,7,"TP1 (Day 7, +15%)",True
SOLUSDT,14.45,2023-01-08 20:00:00,23.22,2023-01-16 00:00:00,6.920415224913495,100.0,60.69204152249135,60.692041522491344,7,"TP2 (Day 7, +30%)",False
SHIBUSDT,7.93e-06,2023-01-18 16:00:00,7.26e-06,2023-01-19 04:00:00,50441361.91677175,400.0,-33.795712484237086,-8.448928121059271,0,"STOP_LOSS_EARLY (Day 0, -8%)",False
DOGEUSDT,0.08,2023-01-12 00:00:00,0.09511,2023-01-31 04:00:00,2500.0,200.0,37.775,18.8875,19,"TP1 (Day 19, +15%)",True
DOGEUSDT,0.08,2023-01-12 00:00:00,0.09202,2023-02-01 08:00:00,2500.0,200.0,30.050000000000008,15.025000000000002,20,"TRAILING_STOP (Day 20, -5% from high)",False
SOLUSDT,25.02,2023-02-02 12:00:00,22.66,2023-02-06 20:00:00,7.9936051159072745,200.0,-18.864908073541162,-9.432454036770581,4,"STOP_LOSS_EARLY (Day 4, -8%)",False
SHIBUSDT,7.72e-06,2023-02-04 04:00:00,7.42e-06,2023-02-13 16:00:00,51813471.50259067,400.0,-15.544041450777229,-3.8860103626943068,9,"STOP_LOSS (Day 9, -3%)",False
DOGEUSDT,0.08509,2023-02-15 00:00:00,0.08181,2023-02-24 12:00:00,4700.904924197908,400.0,-15.418968151369164,-3.854742037842291,9,"STOP_LOSS (Day 9, -3%)",False
SOLUSDT,21.6,2023-03-17 20:00:00,20.66,2023-03-24 20:00:00,9.25925925925926,200.0,-8.703703703703717,-4.351851851851857,7,"STOP_LOSS (Day 7, -3%)",False
DOGEUSDT,0.07773,2023-04-01 00:00:00,0.09014,2023-04-14 00:00:00,2573.0091341824264,200.0,31.931043355203922,15.965521677601963,13,"TP1 (Day 13, +15%)",True
DOGEUSDT,0.07773,2023-04-01 00:00:00,0.08947,2023-04-14 04:00:00,2573.0091341824264,200.0,30.207127235301687,15.103563617650845,13,"TRAILING_STOP (Day 13, -5% from high)",False
SHIBUSDT,7.87e-06,2023-04-01 16:00:00,7.6e-06,2023-04-15 16:00:00,50825921.219822116,400.0,-13.722998729351927,-3.4307496823379817,14,"STOP_LOSS (Day 14, -3%)",False
SOLUSDT,25.81,2023-04-17 00:00:00,23.21,2023-04-19 08:00:00,7.748934521503294,200.0,-20.147229755908548,-10.073614877954274,2,"STOP_LOSS_EARLY (Day 2, -8%)",False
SOLUSDT,22.87,2023-05-05 16:00:00,20.39,2023-05-08 16:00:00,8.745080891998251,200.0,-21.687800612155666,-10.843900306077833,3,"STOP_LOSS_EARLY (Day 3, -8%)",False
SOLUSDT,21.6,2023-06-04 04:00:00,19.32,2023-06-07 12:00:00,9.25925925925926,200.0,-21.11111111111112,-10.555555555555559,3,"STOP_LOSS_EARLY (Day 3, -8%)",False
DOGEUSDT,0.06959,2023-07-01 00:00:00,0.06511,2023-07-08 00:00:00,5747.952291995976,400.0,-25.75082626814196,-6.437706567035491,7,"STOP_LOSS (Day 7, -3%)",False
SOLUSDT,18.71,2023-07-05 08:00:00,22.13,2023-07-12 08:00:00,5.344735435595938,100.0,18.278995189738097,18.278995189738097,7,"TP1 (Day 7, +15%)",True
SOLUSDT,18.71,2023-07-05 08:00:00,26.2,2023-07-13 16:00:00,5.344735435595938,100.0,40.03206841261357,40.03206841261356,8,"TP2 (Day 8, +30%)",False
SHIBUSDT,8.45e-06,2023-07-13 16:00:00,1.025e-05,2023-07-20 16:00:00,23668639.053254437,200.0,42.60355029585798,21.30177514792899,7,"TP1 (Day 7, +15%)",True
SHIBUSDT,8.45e-06,2023-07-13 16:00:00,9.59e-06,2023-07-22 08:00:00,23668639.053254437,200.0,26.98224852071004,13.49112426035502,8,"TRAILING_STOP (Day 8, -5% from high)",False
SHIBUSDT,1.043e-05,2023-08-02 00:00:00,9.72e-06,2023-08-14 16:00:00,38350910.834132314,400.0,-27.229146692233943,-6.807286673058485,12,"STOP_LOSS (Day 12, -3%)",False
SOLUSDT,23.73,2023-08-08 12:00:00,22.82,2023-08-16 20:00:00,8.428150021070374,200.0,-7.669616519174042,-3.8348082595870214,8,"STOP_LOSS (Day 8, -3%)",False
SOLUSDT,20.2,2023-09-29 00:00:00,23.34,2023-10-06 04:00:00,4.9504950495049505,100.0,15.544554455445548,15.544554455445548,7,"TP1 (Day 7, +15%)",True
SOLUSDT,20.2,2023-09-29 00:00:00,22.99,2023-10-09 04:00:00,4.9504950495049505,100.0,13.811881188118807,13.811881188118807,10,"TRAILING_STOP (Day 10, -5% from high)",False
SOLUSDT,22.82,2023-10-16 04:00:00,30.1,2023-10-23 04:00:00,4.382120946538125,100.0,31.901840490797554,31.90184049079755,7,"TP1 (Day 7, +15%)",True
SOLUSDT,22.82,2023-10-16 04:00:00,29.71,2023-10-23 08:00:00,4.382120946538125,100.0,30.192813321647684,30.192813321647677,7,"TP2 (Day 7, +30%)",False
DOGEUSDT,0.06072,2023-10-22 04:00:00,0.07021,2023-10-31 08:00:00,3293.8076416337285,200.0,31.258234519104054,15.629117259552029,9,"TP1 (Day 9, +15%)",True
DOGEUSDT,0.06072,2023-10-22 04:00:00,0.06722,2023-10-31 12:00:00,3293.8076416337285,200.0,21.40974967061923,10.704874835309615,9,"TRAILING_STOP (Day 9, -5% from high)",False
SOLUSDT,39.28,2023-11-01 08:00:00,47.13,2023-11-09 08:00:00,2.545824847250509,100.0,19.9847250509165,19.9847250509165,8,"TP1 (Day 8, +15%)",True
SOLUSDT,39.28,2023-11-01 08:00:00,44.42,2023-11-09 16:00:00,2.545824847250509,100.0,13.085539714867618,13.08553971486762,8,"TRAILING_STOP (Day 8, -5% from high)",False
DOGEUSDT,0.06943,2023-11-02 08:00:00,0.08009,2023-11-11 12:00:00,2880.599164626242,200.0,30.707187094915707,15.353593547457853,9,"TP1 (Day 9, +15%)",True
DOGEUSDT,0.06943,2023-11-02 08:00:00,0.07456,2023-11-13 20:00:00,2880.599164626242,200.0,14.777473714532608,7.388736857266305,11,"TRAILING_STOP (Day 11, -5% from high)",False
SHIBUSDT,2.862e-05,2023-11-17 04:00:00,2.385e-05,2023-11-22 20:00:00,13976240.391334731,400.0,-66.66666666666667,-16.666666666666664,5,"STOP_LOSS_EARLY (Day 5, -8%)",False
SHIBUSDT,2.755e-05,2023-12-01 04:00:00,2.489e-05,2023-12-05 08:00:00,14519056.261343013,400.0,-38.62068965517239,-9.655172413793098,4,"STOP_LOSS_EARLY (Day 4, -8%)",False
DOGEUSDT,0.08617,2023-12-02 20:00:00,0.10023,2023-12-10 00:00:00,2320.9933851688525,200.0,32.63316699547407,16.316583497737035,7,"TP1 (Day 7, +15%)",True
DOGEUSDT,0.08617,2023-12-02 20:00:00,0.09836,2023-12-10 08:00:00,2320.9933851688525,200.0,28.292909365208327,14.146454682604162,7,"TRAILING_STOP (Day 7, -5% from high)",False
SOLUSDT,63.36,2023-12-06 04:00:00,73.53,2023-12-14 08:00:00,1.5782828282828283,100.0,16.051136363636367,16.051136363636367,8,"TP1 (Day 8, +15%)",True
SOLUSDT,63.36,2023-12-06 04:00:00,71.65,2023-12-14 12:00:00,1.5782828282828283,100.0,13.083964646464656,13.083964646464658,8,"TRAILING_STOP (Day 8, -5% from high)",False
SHIBUSDT,2.612e-05,2024-01-01 00:00:00,2.395e-05,2024-01-03 08:00:00,15313935.681470137,400.0,-33.231240428790215,-8.307810107197554,2,"STOP_LOSS_EARLY (Day 2, -8%)",False
DOGEUSDT,0.09309,2024-01-02 00:00:00,0.08244,2024-01-03 12:00:00,4296.916962079707,400.0,-45.762165646148915,-11.440541411537227,1,"STOP_LOSS_EARLY (Day 1, -8%)",False
SOLUSDT,101.87,2024-01-09 04:00:00,92.12,2024-01-12 20:00:00,1.9632865416707568,200.0,-19.14204378128988,-9.57102189064494,3,"STOP_LOSS_EARLY (Day 3, -8%)",False
SOLUSDT,93.6,2024-02-01 00:00:00,110.67,2024-02-10 00:00:00,1.0683760683760684,100.0,18.237179487179496,18.237179487179496,9,"TP1 (Day 9, +15%)",True
SOLUSDT,93.6,2024-02-01 00:00:00,104.21,2024-02-12 08:00:00,1.0683760683760684,100.0,11.335470085470085,11.335470085470085,11,"TRAILING_STOP (Day 11, -5% from high)",False
SHIBUSDT,1.694e-05,2024-02-15 20:00:00,1.55e-05,2024-02-17 00:00:00,23612750.885478158,400.0,-34.00236127508854,-8.500590318772137,1,"STOP_LOSS_EARLY (Day 1, -8%)",False
DOGEUSDT,0.08294,2024-02-14 08:00:00,0.09596,2024-02-27 12:00:00,2411.381721726549,200.0,31.39619001687968,15.698095008439841,13,"TP1 (Day 13, +15%)",True
DOGEUSDT,0.08294,2024-02-14 08:00:00,0.11305,2024-02-28 16:00:00,2411.381721726549,200.0,72.60670364118639,36.3033518205932,14,"TP2 (Day 14, +30%)",False
SHIBUSDT,1.825e-05,2024-03-02 00:00:00,1.679e-05,2024-03-05 00:00:00,21917808.219178084,400.0,-31.999999999999993,-7.999999999999997,3,"STOP_LOSS_EARLY (Day 3, -8%)",False
SOLUSDT,139.18,2024-03-05 12:00:00,119.24,2024-03-05 16:00:00,1.4369880729989941,200.0,-28.65354217559996,-14.32677108779998,0,"STOP_LOSS_EARLY (Day 0, -8%)",False
DOGEUSDT,0.13559,2024-03-01 16:00:00,0.16768,2024-03-08 16:00:00,1475.035032082012,200.0,47.33387417951178,23.666937089755887,7,"TP1 (Day 7, +15%)",True
DOGEUSDT,0.13559,2024-03-01 16:00:00,0.16457,2024-03-08 20:00:00,1475.035032082012,200.0,42.746515229736715,21.37325761486836,7,"TRAILING_STOP (Day 7, -5% from high)",False
SOLUSDT,197.96,2024-04-01 04:00:00,179.87,2024-04-02 08:00:00,1.0103051121438673,200.0,-18.276419478682563,-9.138209739341283,1,"STOP_LOSS_EARLY (Day 1, -8%)",False
DOGEUSDT,0.19562,2024-04-07 00:00:00,0.16906,2024-04-12 16:00:00,2044.7806972702178,400.0,-54.309375319496986,-13.577343829874247,5,"STOP_LOSS_EARLY (Day 5, -8%)",False
SHIBUSDT,1.373e-05,2024-04-01 16:00:00,1.316e-05,2024-04-13 00:00:00,29133284.7778587,400.0,-16.605972323379497,-4.151493080844874,11,"STOP_LOSS (Day 11, -3%)",False
DOGEUSDT,0.15807,2024-05-04 08:00:00,0.14324,2024-05-08 20:00:00,2530.52445119251,400.0,-37.52767761118488,-9.381919402796218,4,"STOP_LOSS_EARLY (Day 4, -8%)",False
SOLUSDT,153.99,2024-05-06 08:00:00,140.13,2024-05-13 00:00:00,1.298785635430872,200.0,-18.001168907071904,-9.000584453535952,6,"STOP_LOSS_EARLY (Day 6, -8%)",False
SHIBUSDT,1.859e-05,2024-05-17 16:00:00,1.708e-05,2024-05-20 20:00:00,21516944.59386767,400.0,-32.4905863367402,-8.12264658418505,3,"STOP_LOSS_EARLY (Day 3, -8%)",False
SHIBUSDT,1.829e-05,2024-06-01 16:00:00,1.656e-05,2024-06-06 00:00:00,21869874.248223074,400.0,-37.83488244942589,-9.458720612356473,4,"STOP_LOSS_EARLY (Day 4, -8%)",False
DOGEUSDT,0.16303,2024-06-06 12:00:00,0.14821,2024-06-07 16:00:00,2453.536158989143,400.0,-36.3614058762191,-9.090351469054776,1,"STOP_LOSS_EARLY (Day 1, -8%)",False
SOLUSDT,167.91,2024-06-04 12:00:00,153.39,2024-06-11 04:00:00,1.1911142874158775,200.0,-17.294979453278554,-8.647489726639277,6,"STOP_LOSS_EARLY (Day 6, -8%)",False
SOLUSDT,148.39,2024-07-02 12:00:00,134.38,2024-07-04 04:00:00,1.3477997169620595,200.0,-18.88267403463844,-9.44133701731922,1,"STOP_LOSS_EARLY (Day 1, -8%)",False
SHIBUSDT,3.285e-05,2024-07-16 00:00:00,2.996e-05,2024-07-17 12:00:00,12176560.121765602,400.0,-35.19025875190256,-8.79756468797564,1,"STOP_LOSS_EARLY (Day 1, -8%)",False
DOGEUSDT,0.12745,2024-07-20 04:00:00,0.12295,2024-07-31 16:00:00,3138.485680659082,400.0,-14.123185562965881,-3.5307963907414703,11,"STOP_LOSS (Day 11, -3%)",False
SOLUSDT,144.4,2024-08-23 12:00:00,133.32,2024-08-30 12:00:00,1.3850415512465373,200.0,-15.34626038781165,-7.673130193905825,7,"STOP_LOSS (Day 7, -3%)",False
SHIBUSDT,2.113e-05,2024-08-24 04:00:00,2.033e-05,2024-09-01 00:00:00,18930430.66729768,400.0,-15.144344533838128,-3.786086133459532,7,"STOP_LOSS (Day 7, -3%)",False
DOGEUSDT,0.10445,2024-09-13 08:00:00,0.12293,2024-09-27 04:00:00,1914.7917663954045,200.0,35.38535184298707,17.692675921493535,13,"TP1 (Day 13, +15%)",True
SOLUSDT,138.01,2024-09-19 00:00:00,159.03,2024-09-27 12:00:00,0.7245851749873198,100.0,15.230780378233469,15.230780378233469,8,"TP1 (Day 8, +15%)",True
DOGEUSDT,0.10445,2024-09-13 08:00:00,0.12438,2024-09-29 20:00:00,1914.7917663954045,200.0,38.16179990426042,19.08089995213021,16,"TRAILING_STOP (Day 16, -5% from high)",False
SOLUSDT,138.01,2024-09-19 00:00:00,149.61,2024-10-01 12:00:00,0.7245851749873198,100.0,8.405188029852926,8.405188029852926,12,"TRAILING_STOP (Day 12, -5% from high)",False
SHIBUSDT,1.493e-05,2024-10-02 20:00:00,1.364e-05,2024-10-06 00:00:00,26791694.57468185,400.0,-34.561286001339575,-8.640321500334894,3,"STOP_LOSS_EARLY (Day 3, -8%)",False
DOGEUSDT,0.11216,2024-10-06 12:00:00,0.12967,2024-10-17 20:00:00,1783.166904422254,200.0,31.223252496433687,15.611626248216846,11,"TP1 (Day 11, +15%)",True
DOGEUSDT,0.11216,2024-10-06 12:00:00,0.14614,2024-10-21 04:00:00,1783.166904422254,200.0,60.592011412268185,30.296005706134093,14,"TP2 (Day 14, +30%)",False
SOLUSDT,152.51,2024-10-14 00:00:00,175.43,2024-10-24 12:00:00,0.655694708543702,100.0,15.02852271982166,15.028522719821662,10,"TP1 (Day 10, +15%)",True
SOLUSDT,152.51,2024-10-14 00:00:00,167.95,2024-10-25 16:00:00,0.655694708543702,100.0,10.123926299914759,10.123926299914759,11,"TRAILING_STOP (Day 11, -5% from high)",False
SHIBUSDT,1.301e-05,2024-11-01 12:00:00,1.261e-05,2024-11-08 12:00:00,30745580.32282859,400.0,-12.298232129131474,-3.074558032282869,7,"STOP_LOSS (Day 7, -3%)",False
DOGEUSDT,0.1624,2024-11-05 00:00:00,0.36362,2024-11-12 00:00:00,1231.527093596059,200.0,247.80788177339903,123.90394088669952,7,"TP1 (Day 7, +15%)",True
DOGEUSDT,0.1624,2024-11-05 00:00:00,0.41191,2024-11-12 04:00:00,1231.527093596059,200.0,307.27832512315274,153.63916256157637,7,"TP2 (Day 7, +30%)",False
SOLUSDT,212.23,2024-11-10 12:00:00,244.18,2024-11-18 00:00:00,0.47118691985110495,100.0,15.054422089242811,15.054422089242811,7,"TP1 (Day 7, +15%)",True
SOLUSDT,212.23,2024-11-10 12:00:00,233.0,2024-11-20 16:00:00,0.47118691985110495,100.0,9.786552325307454,9.786552325307454,10,"TRAILING_STOP (Day 10, -5% from high)",False
DOGEUSDT,0.42479,2024-12-01 00:00:00,0.4006,2024-12-10 00:00:00,941.6417523953012,400.0,-22.778313990442324,-5.694578497610581,9,"STOP_LOSS (Day 9, -3%)",False
SHIBUSDT,1.305e-05,2024-12-01 16:00:00,1.26e-05,2024-12-14 16:00:00,30651340.99616858,400.0,-13.793103448275884,-3.448275862068971,13,"STOP_LOSS (Day 13, -3%)",False
SOLUSDT,198.54,2025-01-02 00:00:00,190.11,2025-01-09 04:00:00,1.0073536818777074,200.0,-8.491991538229051,-4.245995769114526,7,"STOP_LOSS (Day 7, -3%)",False
DOGEUSDT,0.33143,2025-01-02 00:00:00,0.31683,2025-01-09 16:00:00,1206.8913496062517,400.0,-17.620613704251276,-4.405153426062819,7,"STOP_LOSS (Day 7, -3%)",False
SHIBUSDT,1.333e-05,2025-04-23 04:00:00,1.292e-05,2025-04-30 16:00:00,30007501.87546887,400.0,-12.30307576894222,-3.075768942235555,7,"STOP_LOSS (Day 7, -3%)",False
SHIBUSDT,1.291e-05,2025-05-02 12:00:00,1.182e-05,2025-05-06 12:00:00,30983733.539891556,400.0,-33.77226955848179,-8.443067389620447,4,"STOP_LOSS_EARLY (Day 4, -8%)",False
SOLUSDT,138.82,2025-04-19 00:00:00,160.24,2025-05-08 12:00:00,0.7203572972194209,100.0,15.430053306440007,15.430053306440005,19,"TP1 (Day 19, +15%)",True
SOLUSDT,138.82,2025-04-19 00:00:00,166.97,2025-05-13 00:00:00,0.7203572972194209,100.0,20.278057916726702,20.278057916726702,24,"TRAILING_STOP (Day 24, -5% from high)",False
DOGEUSDT,0.17947,2025-05-08 00:00:00,0.23202,2025-05-15 00:00:00,1114.3923775561375,200.0,58.56131944057504,29.28065972028752,7,"TP1 (Day 7, +15%)",True
DOGEUSDT,0.17947,2025-05-08 00:00:00,0.22373,2025-05-15 04:00:00,1114.3923775561375,200.0,49.32300663063467,24.661503315317336,7,"TRAILING_STOP (Day 7, -5% from high)",False
SOLUSDT,166.65,2025-05-18 16:00:00,161.23,2025-05-30 12:00:00,1.2001200120012,200.0,-6.504650465046524,-3.252325232523262,11,"STOP_LOSS (Day 11, -3%)",False
SOLUSDT,155.62,2025-06-09 08:00:00,150.72,2025-06-16 20:00:00,1.2851818532322323,200.0,-6.297391080837945,-3.1486955404189727,7,"STOP_LOSS (Day 7, -3%)",False
DOGEUSDT,0.17303,2025-07-09 12:00:00,0.20327,2025-07-16 12:00:00,1155.8689244639659,200.0,34.95347627579035,17.476738137895172,7,"TP1 (Day 7, +15%)",True
SOLUSDT,150.18,2025-07-03 12:00:00,174.16,2025-07-16 16:00:00,0.6658676255160474,100.0,15.96750565987481,15.967505659874808,13,"TP1 (Day 13, +15%)",True
DOGEUSDT,0.17303,2025-07-09 12:00:00,0.2364,2025-07-18 00:00:00,1155.8689244639659,200.0,73.24741374328153,36.62370687164076,8,"TP2 (Day 8, +30%)",False
SOLUSDT,150.18,2025-07-03 12:00:00,196.79,2025-07-21 12:00:00,0.6658676255160474,100.0,31.036090025302958,31.036090025302958,18,"TP2 (Day 18, +30%)",False
SHIBUSDT,8.83e-06,2025-07-20 16:00:00,8.09e-06,2025-07-25 16:00:00,45300113.25028312,400.0,-33.5220838052095,-8.380520951302374,5,"STOP_LOSS_EARLY (Day 5, -8%)",False
SOLUSDT,172.82,2025-08-07 08:00:00,203.62,2025-08-14 08:00:00,0.5786367318597385,100.0,17.822011341279953,17.822011341279953,7,"TP1 (Day 7, +15%)",True
SOLUSDT,172.82,2025-08-07 08:00:00,194.85,2025-08-14 12:00:00,0.5786367318597385,100.0,12.74736720287004,12.747367202870038,7,"TRAILING_STOP (Day 7, -5% from high)",False
DOGEUSDT,0.21426,2025-08-07 08:00:00,0.2523,2025-09-11 00:00:00,933.4453467749463,200.0,35.50826099131898,17.75413049565949,34,"TP1 (Day 34, +15%)",True
SOLUSDT,210.03,2025-09-03 00:00:00,242.18,2025-09-12 20:00:00,0.4761224586963767,100.0,15.307337047088513,15.307337047088515,9,"TP1 (Day 9, +15%)",True
DOGEUSDT,0.21426,2025-08-07 08:00:00,0.28029,2025-09-13 00:00:00,933.4453467749463,200.0,61.635396247549686,30.81769812377484,36,"TP2 (Day 36, +30%)",False
SOLUSDT,210.03,2025-09-03 00:00:00,233.0,2025-09-15 12:00:00,0.4761224586963767,100.0,10.936532876255772,10.936532876255772,12,"TRAILING_STOP (Day 12, -5% from high)",False
DOGEUSDT,0.28029,2025-09-13 00:00:00,0.265,2025-09-20 00:00:00,1427.0933675835743,400.0,-21.820257590352806,-5.455064397588202,7,"STOP_LOSS (Day 7, -3%)",False
SOLUSDT,217.75,2025-10-01 08:00:00,210.7,2025-10-10 12:00:00,0.9184845005740528,200.0,-6.475315729047083,-3.2376578645235417,9,"STOP_LOSS (Day 9, -3%)",False
DOGEUSDT,0.24281,2025-10-01 08:00:00,0.23183,2025-10-10 16:00:00,1647.378608788765,400.0,-18.088217124500623,-4.522054281125156,9,"STOP_LOSS (Day 9, -3%)",False
